dataset,accuracy,precision,recall,f1,tp,tn,fp,fn
val,0.7575757575757576,0.7736585365853659,0.7575757575757576,0.7539608574091332,21,29,4,12
test,0.6268656716417911,0.6409090909090909,0.624331550802139,0.6144994246260069,15,27,7,18
gold,0.6428571428571429,0.6777777777777778,0.6666666666666667,0.641025641025641,8,10,2,8
