dataset,accuracy,precision,recall,f1,tp,tn,fp,fn
val,0.6818181818181818,0.6903846153846154,0.6818181818181819,0.6781982818667285,19,26,7,14
test,0.7164179104477612,0.7424242424242424,0.713903743315508,0.7070195627157653,18,30,4,15
gold,0.6071428571428571,0.6904761904761905,0.6458333333333333,0.5942028985507246,6,11,1,10
