dataset,accuracy,precision,recall,f1,tp,tn,fp,fn,model_type
val,0.6666666666666666,0.6723646723646723,0.6666666666666667,0.6638888888888889,19,25,8,14,no_context
test,0.5970149253731343,0.600375234521576,0.5953654188948307,0.5911864406779661,16,24,10,17,no_context
gold,0.75,0.7780748663101604,0.7708333333333333,0.7496807151979565,10,11,1,6,no_context
