dataset,accuracy,precision,recall,f1,tp,tn,fp,fn,model_type
val,0.5151515151515151,0.5198079231692677,0.5151515151515151,0.4848780487804878,25,9,24,8,context
test,0.5373134328358209,0.5439723320158103,0.5396613190730838,0.5267714741398952,23,13,21,10,context
gold,0.5,0.4777777777777778,0.47916666666666663,0.47593582887700536,10,4,8,6,context
